{"cameraMode":{"drawMode":0,"name":"Shaded","section":"Shading Mode"},"sceneLighting":true,"audioPlay":false,"sceneViewState":{"showFog":true,"showMaterialUpdate":false,"showSkybox":true,"showFlares":true,"showImageEffects":true,"showParticleSystems":true},"in2DMode":false,"pivot":{"x":0.304443359375,"y":0.956298828125,"z":-0.20782470703125},"rotation":{"x":-0.1919735074043274,"y":-0.7014565467834473,"z":0.2054326832294464,"w":-0.6549710035324097},"size":1.3081018924713135,"orthographic":true}