{"cameraMode":{"drawMode":0,"name":"Shaded","section":"Shading Mode"},"sceneLighting":true,"audioPlay":false,"sceneViewState":{"showFog":true,"showMaterialUpdate":false,"showSkybox":true,"showFlares":true,"showImageEffects":true,"showParticleSystems":true},"in2DMode":false,"pivot":{"x":-0.15838798880577088,"y":0.9863331913948059,"z":0.425048828125},"rotation":{"x":0.11697585135698319,"y":0.5214459896087647,"z":-0.07239539176225662,"w":0.8421534895896912},"size":1.1456351280212403,"orthographic":true}