{"cameraMode":{"drawMode":0,"name":"Shaded","section":"Shading Mode"},"sceneLighting":true,"audioPlay":false,"sceneViewState":{"showFog":true,"showMaterialUpdate":false,"showSkybox":true,"showFlares":true,"showImageEffects":true,"showParticleSystems":true},"in2DMode":false,"pivot":{"x":0.5123291015625,"y":0.83050537109375,"z":0.744873046875},"rotation":{"x":-0.01564967818558216,"y":0.983961820602417,"z":-0.138170525431633,"w":-0.1120942234992981},"size":1.3163259029388428,"orthographic":true}